Mot,h_1,h_2,h_3,h_4,h_5,h_6,h_7,h_8,h_9,h_10,h_11,h_12,h_13,h_14,h_15,h_16,h_17,h_18,h_19,h_20
a,ah,ha,à
a capella,a cappella
a cappella,a capella
a fortiori,à fortiori
a giorno,à giorno
a l'instar,à l'instar
aa,haha
abaisser,abc
abatage,abattage
abatis,abattis
abattage,abatage
abattis,abatis
abbé,aber
abc,abaisser
aber,abbé
abyme,abîme
abîme,abyme
acadien,akkadien
acadienne,akkadienne
accord,accore,accort
accore,accord,accort
accort,accord,accore
accoter,à-côté
accro,accroc
accroc,accro
achards,hachard
ache,hache,hasch
acquis,acquit
acquit,acquis
acquêt,haquet
acre,âcre
acuponcteur,acupuncteur
acuponcture,acupuncture
acupuncteur,acuponcteur
acupuncture,acuponcture
acétique,ascétique
ad hoc,haddock
ado,ados
adonc,adoncques
adoncques,adonc
ados,ado
affiler,affilé
affilé,affiler
affin,afin
afin,affin
agate,agathe
agathe,agate
age,âge
aglagla,à glagla
agnus dei,agnus-dei
agnus-dei,agnus dei
agro-alimentaire,agroalimentaire
agroalimentaire,agro-alimentaire
ah,a,ha,à
ahi,aï,haï
aicher,escher
ail,aïe
aile,elle,elles
air,aire,erre,ers,haire,hère,ère
air bag,airbag
airbag,air bag
aire,air,erre,ers,haire,hère,ère
ais,eh,et,hé,é
akkadien,acadien
akkadienne,acadienne
alaise,alèse,alèze
alcali,alkali
alcyon,halcyon
ale,hale,halle,hâle
alfa,alpha
alkali,alcali
allaitement,halètement
aller,haler
allo,allô,halo
allume-cigare,allume-cigares
allume-cigares,allume-cigare
allègement,allégement
allègrement,allégrement
allégement,allègement
allégrement,allègrement
allô,allo,halo
alpha,alfa
alphabétiser,alphabétisé
alphabétisé,alphabétiser
alter,haltère
alène,haleine
alèse,alaise,alèze
alèze,alaise,alèse
aman,amant
amande,amende
amant,aman
amende,amande
ammoniac,ammoniaque
ammoniaque,ammoniac
ampli,empli
an,en,han
ana,anas
anal,annales
anas,ana
anche,hanche
ancrage,encrage
ancre,encre
ancrer,encrer
angliche,engliche
annales,anal
ante,ente
anti-atomique,antiatomique
anti-aérien,antiaérien
anti-brouillard,antibrouillard
anti-bruit,antibruit
anti-capitaliste,anticapitaliste
anti-castriste,anticastriste
anti-chambre,antichambre
anti-char,antichar
anti-communisme,anticommunisme
anti-communiste,anticommuniste
anti-conformisme,anticonformisme
anti-conformiste,anticonformiste
anti-corps,anticorps
anti-dopage,antidopage
anti-douleur,antidouleur
anti-drogue,antidrogue
anti-démocratique,antidémocratique
anti-fasciste,antifasciste
anti-gang,antigang
anti-gel,antigel
anti-gravité,antigravité
anti-matière,antimatière
anti-militariste,antimilitariste
anti-mite,antimite
anti-monde,antimonde
anti-nucléaire,antinucléaire
anti-pelliculaire,antipelliculaire
anti-poison,antipoison
anti-pollution,antipollution
anti-rouille,antirouille
anti-soviétique,antisoviétique
anti-stress,antistress
anti-sèche,antisèche
anti-sémite,antisémite
anti-sémitisme,antisémitisme
anti-tabac,antitabac
anti-toux,antitout
anti-violence,antiviolence
anti-viral,antiviral
anti-virus,antivirus
anti-vol,antivol
antiatomique,anti-atomique
antiaérien,anti-aérien
antibrouillard,anti-brouillard
antibruit,anti-bruit
anticapitaliste,anti-capitaliste
anticastriste,anti-castriste
antichambre,anti-chambre
antichar,anti-char
anticommunisme,anti-communisme
anticommuniste,anti-communiste
anticonformisme,anti-conformisme
anticonformiste,anti-conformiste
anticorps,anti-corps
antidopage,anti-dopage
antidouleur,anti-douleur
antidrogue,anti-drogue
antidémocratique,anti-démocratique
antifasciste,anti-fasciste
antigang,anti-gang
antigel,anti-gel
antigravité,anti-gravité
antimatière,anti-matière
antimilitariste,anti-militariste
antimite,anti-mite
antimonde,anti-monde
antinucléaire,anti-nucléaire
antipelliculaire,anti-pelliculaire
antipoison,anti-poison
antipollution,anti-pollution
antirouille,anti-rouille
antisoviétique,anti-soviétique
antistress,anti-stress
antisèche,anti-sèche
antisémite,anti-sémite
antisémitisme,anti-sémitisme
antitabac,anti-tabac
antitout,anti-toux
antiviolence,anti-violence
antiviral,anti-viral
antivirus,anti-virus
antivol,anti-vol
antre,entre
ape,happe
aplat,à-plat
appas,appât
apprêt,après
appât,appas
après,apprêt
après-shampoing,après-shampooing
après-shampooing,après-shampoing
ara,haras
arac,arak
arak,arac
archi-connu,archiconnu
archi-faux,archifaux
archi-nul,archi-nuls
archi-nuls,archi-nul
archiconnu,archi-connu
archifaux,archi-faux
arder,harder
are,ars,art,hare,hart
arien,aryen
arpette,arpète
arpète,arpette
arrière-petit-fils,arrière-petits-fils
arrière-petit-neveu,arrière-petits-neveux
arrière-petits-fils,arrière-petit-fils
arrière-petits-neveux,arrière-petit-neveu
arrêt,haret
ars,are,art,hare,hart
art,are,ars,hare,hart
artefact,artéfact
artéfact,artefact
aryen,arien
ascétique,acétique
aspartam,aspartame
aspartame,aspartam
assaut,asseau
asseau,assaut
assener,asséner
asséner,assener
athée,hâter
au,aulx,aux,eau,haut,ho,o,oh,ô
aubère,haubert
aucun,aucuns
aucune,aucunes
aucunes,aucune
aucuns,aucun
audio-visuel,audiovisuel
audiovisuel,audio-visuel
aula,holà,ola
aulne,aune
aulx,au,aux,eau,haut,ho,o,oh,ô
aune,aulne
auquel,auxquelles,auxquels
autan,autant
autant,autan
autel,hôtel
auteur,hauteur
auto-pilote,autopilote
auto-stop,autostop
autopilote,auto-pilote
autostop,auto-stop
aux,au,aulx,eau,haut,ho,o,oh,ô
auxquelles,auquel,auxquels
auxquels,auquel,auxquelles
avant,avent
ave,avé,haver
avent,avant
avenu,avenue
avenue,avenu
avé,ave,haver
aîné,henné
aître,hêtre,être
aï,ahi,haï
aïe,ail
b,bé
bac,back
baccara,baccarat
baccarat,baccara
bacchanal,bacchanale
bacchanale,bacchanal
back,bac
bagage,baguage
bagoter,bagotter
bagotter,bagoter
bagou,bagout
bagouse,bagouze
bagout,bagou
bagouze,bagouse
baguage,bagage
bah,bas,bât
baht,bath,batte
bai,baie,bey
baie,bai,bey
bail,baille,bye
baille,bail,bye
bailler,bayer,bâiller
bain,ben
bal,bale,balle
balade,ballade
balai,ballet
balaise,balèze
balan,ballant
bale,bal,balle
ballade,balade
ballant,balan
balle,bal,bale
balle-peau,balpeau
ballet,balai
ballot,bat-l'eau
balluchon,baluchon
balluchonnage,baluchonnage
balpeau,balle-peau
baluchon,balluchon
baluchonnage,balluchonnage
balèze,balaise
ban,banc
banc,ban
bantou,bantu
bantu,bantou
baptiste,batiste
bar,barre
barbeau,barbot
barbot,barbeau
barbote,barbotte
barbotte,barbote
bardeau,bardo,bardot
bardo,bardeau,bardot
bardot,bardeau,bardo
barge,barje
barje,barge
barjo,barjot
barjot,barjo
baronet,baronnet
baronnet,baronet
barre,bar
bas,bah,bât
bas-flanc,bat-flanc
basic,basique
basilic,basilique
basilique,basilic
basique,basic
bat-flanc,bas-flanc
bat-l'eau,ballot
bath,baht,batte
batiste,baptiste
batte,baht,bath
batée,bâter
bau,baud,beau,bot
baud,bau,beau,bot
baume,bôme
bayer,bailler,bâiller
bazar,bazard
bazard,bazar
beat,bit,bite,bitte
beau,bau,baud,bot
beau-parent,beaux-parents
beauté,botter
beaux-parents,beau-parent
because,bicause
beefsteak,bifteck,biftèque
bellement,bêlement
beluga,béluga
ben,bain
ber,beur,beurre,boer
bernard-l'ermite,bernard-l'hermite
bernard-l'hermite,bernard-l'ermite
besicles,bésicles
bette,bête
beu,beuh
beuh,beu
beur,ber,beurre,boer
beurre,ber,beur,boer
bey,bai,baie
bezef,bésef,bézef
bi,by
bic,bique
bicause,because
bienvenu,bienvenue
bienvenue,bienvenu
bif,biffe
biffe,bif
bifteck,beefsteak,biftèque
biftèque,beefsteak,bifteck
big bang,big-bang
big-bang,big bang
bighorn,bigorne
bignole,bignolle
bignolle,bignole
bigo,bigot
bigorne,bighorn
bigot,bigo
bijou,bijoux
bijoux,bijou
bile,bill
bill,bile
bique,bic
biseness,bisness,bizness,business
bisness,biseness,bizness,business
bisou,bizou
bistro,bistrot
bistrot,bistro
bit,beat,bite,bitte
bite,beat,bit,bitte
bitte,beat,bit,bite
bizness,biseness,bisness,business
bizou,bisou
bizut,bizuth
bizuth,bizut
bla-bla,blabla
bla-bla-bla,blablabla
blabla,bla-bla
blablabla,bla-bla-bla
blase,blaze
blaze,blase
bloc,block
bloc-notes,blocs-notes
block,bloc
blocs-notes,bloc-notes
bloom,bloum
bloum,bloom
blouse,blues
blues,blouse
bobbies,bobby
bobby,bobbies
bobineau,bobino
bobino,bobineau
boc,bock
bock,boc
bocson,boxon
bodhi,body
body,bodhi
body-building,bodybuilding
bodybuilding,body-building
boer,ber,beur,beurre
bohème,bohême
bohême,bohème
bolchevik,bolchevique
bolchevique,bolchevik
bombonne,bonbonne
bon,bond
bonace,bonasse
bonard,bonnard
bonasse,bonace
bonbonne,bombonne
bond,bon
boniche,bonniche
bonir,bonnir
bonnard,bonard
bonniche,boniche
bonnir,bonir
bonsaï,bonzaï
bonzaï,bonsaï
book,bouc
boom,boum
borchtch,bortch,bortsch
bord,bore
bordeau,bordeaux
bordeaux,bordeau
bore,bord
bortch,borchtch,bortsch
bortsch,borchtch,bortch
boss,bosse
bosse,boss
bot,bau,baud,beau
botter,beauté
bouc,book
bouche,bush
bouf,bouffe
bouffe,bouf
bougnoul,bougnoule
bougnoule,bougnoul
boui-boui,bouiboui
bouiboui,boui-boui
boule,boulle
bouleau,boulot
boulle,boule
boulot,bouleau
boum,boom
bour,bourg,bourre
bourg,bour,bourre
bourre,bour,bourg
bousine,bouzine
boutefeu,boutefeux
boutefeux,boutefeu
bouzine,bousine
box,boxe
boxe,box
boxon,bocson
braiement,braiment
braiment,braiement
bran,brand
brand,bran
bri,brie,bris
brick,brique
brie,bri,bris
briefer,briffer
briffer,briefer
brique,brick
bris,bri,brie
brise,brize
brize,brise
brocard,brocart
brocart,brocard
brou,brout
brouetter,brouettée
brouettée,brouetter
brout,brou
bull,bulle
bull-dog,bulldog
bulldog,bull-dog
bulle,bull
bush,bouche
business,biseness,bisness,bizness
bute,butte
buter,butter
buteur,butteur
butoir,buttoir
butte,bute
butter,buter
butteur,buteur
buttoir,butoir
by,bi
bye,bail,baille
bâiller,bailler,bayer
bât,bah,bas
bâter,batée
bé,b
bécard,bécarre
bécarre,bécard
bécher,bêcher
béluga,beluga
bésef,bezef,bézef
bésicles,besicles
bézef,bezef,bésef
bêcher,bécher
bêlement,bellement
bête,bette
bôme,baume
cabale,kabbale
cabalistique,kabbalistique
cacahouète,cacahuète
cacahuète,cacahouète
cache,cash
cacher,kacher
cachère,cascher,casher,kascher,kasher
caddie,caddy,cadi,kadi
caddy,caddie,cadi,kadi
cadi,caddie,caddy,kadi
caduc,caduque
caduque,caduc
caesium,césium
cafeter,cafter
cafeteria,cafétéria
caftan,kaftan
cafter,cafeter
cafétéria,cafeteria
cagne,khâgne
cagneux,khâgneux
cahier,cailler
cahot,chao,chaos,k-o
cailler,cahier
cal,cale
calandre,calendre
cale,cal
calendo,calendos
calendos,calendo
calendre,calandre
caler,caller
calife,khalife
caller,caler
calo,calot
calot,calo
camaïeu,camaïeux
camaïeux,camaïeu
camellia,camélia
cameraman,caméraman
camp,quand,quant
camélia,camellia
caméraman,cameraman
candida,candidat
candidat,candida
caner,canner
canette,cannette
canna,kana,khanat
canne,kan,khan
canner,caner
cannette,canette
caoua,kawa
cap,cape
cape,cap
capo,capoc,capot,kapo
capoc,capo,capot,kapo
capot,capo,capoc,kapo
cappa,kappa
cappuccino,capuccino,capucino
capuccino,cappuccino,capucino
capucino,cappuccino,capuccino
car,care,carre,quarre,quart
cardio-vasculaire,cardiovasculaire
cardiovasculaire,cardio-vasculaire
care,car,carre,quarre,quart
cari,carie,carry,cary,kari
carie,cari,carry,cary,kari
carier,carié,carrier
carié,carier,carrier
carre,car,care,quarre,quart
carrier,carier,carié
carry,cari,carie,cary,kari
carte,kart,quarte
cary,cari,carie,carry,kari
carène,karen
caréner,caréné
caréné,caréner
cas,k,ka
casaque,kazakh
casbah,kasbah
cascher,cachère,casher,kascher,kasher
cash,cache
casher,cachère,cascher,kascher,kasher
casse-noisette,casse-noisettes
casse-noisettes,casse-noisette
casse-pipe,casse-pipes
casse-pipes,casse-pipe
cata,kata
catarrhe,cathare
cathare,catarrhe
catho,cato
cathédral,cathédrale
cathédrale,cathédral
cato,catho
caver,cavée
cavée,caver
ce,ceux
celer,sceller,seller
celle,celles,sel,selle
celle-ci,celles-ci
celle-là,celles-là
celles,celle,sel,selle
celles-ci,celle-ci
celles-là,celle-là
cellier,sellier
cendre,sandre
censeur,senseur
censé,sensé
censément,sensément
cent,cents,sang,sans
centimètre,cm
centon,santon
cents,cent,sang,sans
cep,cèpe
cerf,serf,serre,sert
ces,ses
cet,cette,sept,set
cette,cet,sept,set
ceux,ce
ch'timi,chtimi
chah,chas,chat,schah,shah
chai,chaix
chair,chaire,cher
chaire,chair,cher
chaix,chai
chaman,chamane,shaman
chamane,chaman,shaman
champ,chand,chant
chand,champ,chant
chant,champ,chand
chantoung,shantung
chao,cahot,chaos,k-o
chaos,cahot,chao,k-o
chape,chappe
chappe,chape
char,charre
charre,char
chas,chah,chat,schah,shah
chasse,châsse
chasse-mouche,chasse-mouches
chasse-mouches,chasse-mouche
chassie,châssis
chat,chah,chas,schah,shah
chateaubriand,châteaubriant
chaud,chaut,chaux,show
chausse-trape,chausse-trappe
chausse-trappe,chausse-trape
chaut,chaud,chaux,show
chaux,chaud,chaut,show
chaîne,chêne
chef-d'oeuvre,chef-d'oeuvres
chef-d'oeuvres,chef-d'oeuvre
chef-lieu,chefs-lieux
chefs-lieux,chef-lieu
cheik,cheikh,chèque,scheik
cheikh,cheik,chèque,scheik
chemineau,cheminot
cheminot,chemineau
cher,chair,chaire
cherry,chéri
chi,qui
chic,chique
chicorer,chicorée
chicorée,chicorer
chilom,shilom
chimie,shimmy
chique,chic
chlass,schlass
chleuh,schleu
chlinguer,schlinguer
chlore,clore
chnoque,schnock,schnoque
chnouf,schnouf,schnouff
choc,choke
choeur,coeur
choke,choc
choral,corral
choriste,coryste
chorée,coré
chou-fleur,choux-fleurs
chou-rave,choux-raves
chouia,chouya,chouïa
choux-fleurs,chou-fleur
choux-raves,chou-rave
chouya,chouia,chouïa
chouïa,chouia,chouya
chrysolite,chrysolithe
chrysolithe,chrysolite
chrême,crème
chtimi,ch'timi
châle,shale
châsse,chasse
châssis,chassie
châteaubriant,chateaubriand
chèque,cheik,cheikh,scheik
chéri,cherry
chérif,shérif
chêne,chaîne
ci,cis,scie,si,sis
ciao,tchao
cil,sil
cilice,silice
cinoque,sinoque
cire,sir,sire
cis,ci,scie,si,sis
cithare,sitar
clac,claque
clafouti,clafoutis
clafoutis,clafouti
clair,clerc
claper,clapper
clapper,claper
claque,clac
class,classe
classe,class
clebs,klebs
clef,clé
cleptomane,kleptomane
cleptomanie,kleptomanie
clerc,clair
clic,click,clique
click,clic,clique
clique,clic,click
cliquettement,cliquètement
cliquètement,cliquettement
cloc,cloque
cloque,cloc
clore,chlore
club-house,clubhouse
clubhouse,club-house
clé,clef
cm,centimètre
co-auteur,coauteur
co-existence,coexistence
co-exister,coexister
co-habiter,cohabiter
co-locataire,colocataire
co-pilote,copilote
co-production,coproduction
co-signer,cosigner
co-voiturage,covoiturage
co-équipier,coéquipier
coauteur,co-auteur
cocard,coquard,coquart
code-barre,code-barres
code-barres,code-barre
coeur,choeur
coexistence,co-existence
coexister,co-exister
coffio,coffiot
coffiot,coffio
cohabiter,co-habiter
coi,quoi
coin,coing
coing,coin
coir,couard
col,colle
col-de-cygne,cols-de-cygne
col-vert,colvert
cola,kola
colle,col
coller,colée
collet,colley
colley,collet
colocataire,co-locataire
colon,côlon
cols-de-cygne,col-de-cygne
colvert,col-vert
colée,coller
com,comme
comandant,commandant
comics,comique
comique,comics
commandant,comandant
comme,com
compte,comte,conte
compter,comté,conter
compteur,conteur
comte,compte,conte
comté,compter,conter
conard,connard
conasse,connasse
condo,kondo
connard,conard
connasse,conasse
conte,compte,comte
conter,compter,comté
conteur,compteur
continu,continue
continue,continu
contra,contrat
contrat,contra
contre-champ,contre-chant,contrechamp
contre-chant,contre-champ,contrechamp
contre-ordre,contrordre
contre-plaqué,contreplaqué
contre-proposition,contreproposition
contre-vérité,contrevérité
contrechamp,contre-champ,contre-chant
contreplaqué,contre-plaqué
contreproposition,contre-proposition
contrevérité,contre-vérité
control,contrôle
contrordre,contre-ordre
contrôle,control
cool,coule
coolie,coulis
cop,cops
copilote,co-pilote
coproduction,co-production
cops,cop
coq,coque
coquard,cocard,coquart
coquart,cocard,coquard
coque,coq
coquillard,coquillart
coquillart,coquillard
cor,corps
corder,cordée
cordée,corder
corn flakes,corn-flakes
corn-flakes,corn flakes
coronaire,coroner
coroner,coronaire
corps,cor
corral,choral
coryste,choriste
coré,chorée
cosigner,co-signer
costar,costard
costard,costar
cote,cotte,kot
coteau,koto
coter,côté
cothurne,coturne
cotte,cote,kot
coturne,cothurne
cou,coup,coût
cou-de-pied,cous-de-pied
couard,coir
coule,cool
coulis,coolie
countries,country
country,countries
coup,cou,coût
coup-de-poing,coups-de-poing
coupe-chou,coupe-choux
coupe-choux,coupe-chou
coupe-ongle,coupe-ongles
coupe-ongles,coupe-ongle
coups-de-poing,coup-de-poing
cour,courre
courre,cour
cous-de-pied,cou-de-pied
couvre-feu,couvre-feux
couvre-feux,couvre-feu
couvre-pied,couvre-pieds
couvre-pieds,couvre-pied
covoiturage,co-voiturage
coéquipier,co-équipier
coût,cou,coup
crac,crack,craque,krach,krak
cracher,crasher
crack,crac,craque,krach,krak
craie,crêt
crane,crâne
craque,crac,crack,krach,krak
crasher,cracher
creek,cric,crique
crematorium,crématorium
cric,creek,crique
crique,creek,cric
croc-en-jambe,crocs-en-jambe
crocs-en-jambe,croc-en-jambe
croix,croît
cross,crosse
crosse,cross
croup,croupe
croupe,croup
croît,croix
crâne,crane
crème,chrême
crématorium,crematorium
crêt,craie
cucu,cucul,cul-cul
cucul,cucu,cul-cul
cuiller,cuillère
cuillère,cuiller
cuir,cuire
cuire,cuir
cuisseau,cuissot
cuissot,cuisseau
cul,q
cul-cul,cucu,cucul
cul-de-basse-fosse,culs-de-basse-fosse
culer,culée
culs-de-basse-fosse,cul-de-basse-fosse
culée,culer
curie,curry
curry,curie
cyan,sciant
cycle,sicle
cygne,signe
cène,scène,seine,sen
cèpe,cep
céans,séant
céleri,sellerie
céphalo-rachidien,céphalorachidien
céphalorachidien,céphalo-rachidien
césium,caesium
cézigue,sézigue
côlon,colon
côté,coter
dab,dabe
dabe,dab
daiquiri,daïquiri
dais,dey,dès
dal,dale,dalle
dale,dal,dalle
dalle,dal,dale
dam,dans,dent
dans,dam,dent
danse,dense
darce,darse
darse,darce
date,datte
datte,date
daurade,dorade
daïquiri,daiquiri
decca,déca
delta-plane,deltaplane
deltaplane,delta-plane
demi-dieu,demi-dieux
demi-dieux,demi-dieu
dense,danse
dent,dam,dans
des,dé
designer,désigner
desquelles,desquels
desquels,desquelles
dessaouler,dessouler,dessoûler
dessein,dessin
desserre,dessert
dessert,desserre
dessin,dessein
dessouler,dessaouler,dessoûler
dessoûler,dessaouler,dessouler
deusio,deuzio
deuzio,deusio
dey,dais,dès
diagnostic,diagnostique
diagnostique,diagnostic
différend,différent
différent,différend
dig,digue
digest,digeste
digeste,digest
digue,dig
directo,directos
directos,directo
disc-jockey,disque-jockey
disfonctionnement,dysfonctionnement
diskette,disquette
dispo,dispos
dispos,dispo
disque-jockey,disc-jockey
disquette,diskette
djellaba,jellaba
djinn,gin,jean
dm,décimètre
do,dos
doc,dock
dock,doc
dom,don,dont
don,dom,dont
dont,dom,don
dorade,daurade
dos,do
douceâtre,douçâtre
douçâtre,douceâtre
drag,drague
drague,drag
dribbler,dribler
dribler,dribbler
duffel-coat,duffle-coat
duffle-coat,duffel-coat
durit,durite
durite,durit
dysfonctionnement,disfonctionnement
dès,dais,dey
dé,des
déca,decca
décimètre,dm
déclancher,déclencher
déclencher,déclancher
déconnection,déconnexion
déconnexion,déconnection
déferrer,déférer
déférer,déferrer
dégoter,dégotter
dégotter,dégoter
dégouttant,dégoûtant
dégoutter,dégoûter
dégoûtant,dégouttant
dégoûter,dégoutter
délacer,délasser
délasser,délacer
députer,député
député,députer
désaveu,désaveux
désaveux,désaveu
désenchanter,désenchanté
désenchanté,désenchanter
désigner,designer
détoner,détonner
détonner,détoner
eau,au,aulx,aux,haut,ho,o,oh,ô
eau-forte,eaux-fortes
eaux-fortes,eau-forte
eh,ais,et,hé,é
elle,aile,elles
elle-même,elles-mêmes
elles,aile,elle
elles-mêmes,elle-même
embourgeoiser,embourgeoisé
embourgeoisé,embourgeoiser
embroussailler,embroussaillé
embroussaillé,embroussailler
empaffer,empaffé
empaffé,empaffer
empattement,empâtement
empirer,empyrée
empli,ampli
empyrée,empirer
empâtement,empattement
en,an,han
en-cas,encas
encas,en-cas
encaustiquer,encaustiqué
encaustiqué,encaustiquer
encor,encore
encore,encor
encorner,encorné
encorné,encorner
encrage,ancrage
encre,ancre
encrer,ancrer
engliche,angliche
ente,ante
enter,hanter
entr'acte,entracte
entr'apercevoir,entrapercevoir
entr'ouvert,entrouvert
entracte,entr'acte
entrapercevoir,entr'apercevoir
entre,antre
entre-dévorer,entredévorer
entre-jambe,entre-jambes,entrejambe
entre-jambes,entre-jambe,entrejambe
entredévorer,entre-dévorer
entrejambe,entre-jambe,entre-jambes
entrelarder,entrelardé
entrelardé,entrelarder
entrouvert,entr'ouvert
ergo,ergot
ergot,ergo
ergoter,ergoté
ergoté,ergoter
erpétologiste,herpétologiste
erre,air,aire,ers,haire,hère,ère
ers,air,aire,erre,haire,hère,ère
escher,aicher
eskimo,esquimau
espar,espars
espars,espar
esperanto,espéranto
espionite,espionnite
espionnite,espionite
espéranto,esperanto
esquimau,eskimo
esse,ès
esseulement,seulement
essieu,essieux
essieux,essieu
est,este
est-ce qu,est-ce que,est-ce-que
est-ce que,est-ce qu,est-ce-que
est-ce-que,est-ce qu,est-ce que
este,est
et,ais,eh,hé,é
et caetera,et cetera
et cetera,et caetera
etc,etc.,etcetera
etc.,etc,etcetera
etcetera,etc,etc.
euh,eux,heu
eux,euh,heu
exaucement,exhaussement
exaucer,exhausser
excédant,excédent
excédent,excédant
exhaussement,exaucement
exhausser,exaucer
exorbiter,exorbité
exorbité,exorbiter
extra-lucide,extralucide
extra-sensoriel,extrasensoriel
extra-terrestre,extraterrestre
extralucide,extra-lucide
extrasensoriel,extra-sensoriel
extraterrestre,extra-terrestre
eye-liner,eyeliner
eyeliner,eye-liner
face-à-main,faces-à-main
faces-à-main,face-à-main
faignant,feignant
failli,faillie
faillie,failli
faim,fin
faire,fer
fait-divers,faits-divers
fait-tout,faitout
faitout,fait-tout
faits-divers,fait-divers
falot,phallo
fan,fane
fane,fan
fantasme,phantasme
far,fard,fare,fart,phare
faramineux,pharamineux
faraud,faro
farci,farsi
fard,far,fare,fart,phare
fare,far,fard,fart,phare
faro,faraud
farsi,farci
fart,far,fard,fare,phare
fathma,fatma
fatma,fathma
fau,faux
faune,phone
fausser,fossé
fauteuil-club,fauteuils-club
fauteuils-club,fauteuil-club
faux,fau
faîte,fête
feed-back,feedback
feedback,feed-back
feignant,faignant
fellaga,fellagha
fellagha,fellaga
fer,faire
fesse,fèces
fi,fy,phi
fier-à-bras,fiers-à-bras
fiers-à-bras,fier-à-bras
fieu,fieux
fieux,fieu
fifties,fifty
fifty,fifties
fil,file
file,fil
filtre,philtre
fin,faim
finance,phynances
fiord,fjord
fioul,fuel
fjord,fiord
fla,flat
flac,flaque
flache,flash
flamand,flamant
flamant,flamand
flan,flanc
flanc,flan
flaque,flac
flash,flache
flask,flasque
flasque,flask
flat,fla
fliquer,fliqué
fliqué,fliquer
florissaient,florissait
florissait,florissaient
flouse,flouze
flouze,flouse
flûter,flûté
flûté,flûter
foc,phoque
foi,foie,fois
foie,foi,fois
fois,foi,foie
folingue,follingue
follingue,folingue
fond,fonts
fonts,fond
for,fors,fort
foret,forêt
formid,formide
formide,formid
fors,for,fort
fort,for,fors
forêt,foret
fossé,fausser
fou-fou,foufou
fouailler,foyer
foufou,fou-fou
foule,full
four,fourre
fourmi-lion,fourmilion
fourmilion,fourmi-lion
fourni,fournil
fournil,fourni
fourre,four
foyer,fouailler
frai,frais,fret
frais,frai,fret
frapadingue,frappadingue
frappadingue,frapadingue
fraser,phraser
free jazz,free-jazz
free-jazz,free jazz
free-lance,freelance
freelance,free-lance
freezer,friseur
fret,frai,frais
fripe,frippe
frippe,fripe
friseler,friselée
friselée,friseler
friseur,freezer
frite,fritte
fritte,frite
frou-frou,froufrou
froufrou,frou-frou
fuel,fioul
fui,fuie
fuie,fui
full,foule
fureur,führer
fy,fi,phi
fèces,fesse
fête,faîte
führer,fureur
gai,gay,guet
gaiement,gaîment
gaieté,gaîté,guetter
gal,gale,galle
gale,gal,galle
galle,gal,gale
gallo,galop
gallon,galon
galon,gallon
galop,gallo
gamma,gammas
gammas,gamma
gandoura,gandourah
gandourah,gandoura
gang,gangue
gangue,gang
gapette,gâpette
garde-chasse,gardes-chasse
garde-meuble,garde-meubles
garde-meubles,garde-meuble
gardes-chasse,garde-chasse
gars,ghât
gaspacho,gazpacho
gastro-entérologue,gastroentérologue
gastroentérologue,gastro-entérologue
gatte,guette
gaule,gaulle,goal
gaulle,gaule,goal
gay,gai,guet
gaz,gaze
gaze,gaz
gazpacho,gaspacho
gaîment,gaiement
gaîté,gaieté,guetter
geai,jais
gelinotte,gélinotte
gens,gent
gent,gens
ghât,gars
gi,gy
gig,gigue
gigue,gig
gin,djinn,jean
giron,girond
girond,giron
glace,glass
glaciaire,glacière
glacière,glaciaire
glass,glace
gnangnan,gnian-gnian
gnard,gniard
gnaule,gnole,gnôle
gnian-gnian,gnangnan
gniard,gnard
gniouf,gnouf
gnognote,gnognotte
gnognotte,gnognote
gnole,gnaule,gnôle
gnouf,gniouf
gnôle,gnaule,gnole
go,goth
goal,gaule,gaulle
golf,golfe
golfe,golf
gon,gone
gone,gon
gord,gore
gore,gord
goth,go
goulache,goulasch
goulasch,goulache
gour,gourd
gourd,gour
gourou,guru
goutter,goûter
goutteux,goûteux
goûter,goutter
goûteux,goutteux
grader,gradé
gradé,grader
graff,graphe
gram,gramme
gramme,gram
granit,granite
granite,granit
graphe,graff
gratouillis,grattouillis
grattouillis,gratouillis
grau,gros
gravos,gravosse
gravosse,gravos
gray,grès
gri-gri,grigri,gris-gris
grigri,gri-gri,gris-gris
gril,grill
grill,gril
grip,grippe
grippe,grip
gris-gris,gri-gri,grigri
grizzli,grizzly
grizzly,grizzli
grole,grolle
grolle,grole
gros,grau
group,groupe
groupe,group
grès,gray
guerre,guère
guet,gai,gay
guette,gatte
guetter,gaieté,gaîté
guibole,guibolle
guibolle,guibole
guru,gourou
gus,gusse
gusse,gus
guère,guerre
gy,gi
gâpette,gapette
gène,gêne
gélinotte,gelinotte
génie,jenny
gêne,gène
ha,a,ah,à
hachard,achards
hache,ache,hasch
hachisch,haschich,haschisch
hack,haque
haddock,ad hoc
haha,aa
hai,haie
haie,hai
haire,air,aire,erre,ers,hère,ère
haka,hakka
hakka,haka
halcyon,alcyon
hale,ale,halle,hâle
haleine,alène
haler,aller
halle,ale,hale,hâle
halo,allo,allô
haltère,alter
halètement,allaitement
han,an,en
hanche,anche
hanter,enter
happe,ape
haque,hack
haquet,acquêt
haras,ara
hard,harde
harde,hard
harder,arder
hare,are,ars,art,hart
haret,arrêt
hart,are,ars,art,hare
hasch,ache,hache
haschich,hachisch,haschisch
haschisch,hachisch,haschich
haubert,aubère
haut,au,aulx,aux,eau,ho,o,oh,ô
haut-de-chausse,haut-de-chausses
haut-de-chausses,haut-de-chausse
hautain,hautin
hautesse,hôtesse
hauteur,auteur
hautin,hautain
haver,ave,avé
haï,ahi,aï
heaume,home
henné,aîné
herpétologiste,erpétologiste
heu,euh,eux
heur,heure,heurt
heure,heur,heurt
heurt,heur,heure
hi,i,y
high life,high-life
high-life,high life
hile,il,ils,île
hindou,indou
hippie,hippy
hippo,hypo
hippy,hippie
ho,au,aulx,aux,eau,haut,o,oh,ô
hoirie,houari
holographe,olographe
holà,aula,ola
hom,homme
hombre,ombre
home,heaume
homme,hom
hon,on
hooligan,houligan
hop,ope
hors,or,ord,ore,ort
hosanna,hosannah
hosannah,hosanna
hostau,hosto
hosto,hostau
hot,hotte
hot dog,hot-dog
hot-dog,hot dog
hotte,hot
hottée,ôter
hou,houe,houx,ou,ouh,où
houari,hoirie
houe,hou,houx,ou,ouh,où
houille,ouille
houligan,hooligan
houp,houppe
houppe,houp
hourra,hourrah
hourrah,hourra
houseau,ouzo
houx,hou,houe,ou,ouh,où
huard,huart
huart,huard
hue,u
hui,huis
huis,hui
hululement,ululement
hululer,ululer
hun,un,uns
hune,une,unes
huskies,husky
husky,huskies
hutte,uht,ut
hydro-électrique,hydroélectrique
hydroélectrique,hydro-électrique
hypo,hippo
hyène,yen
hâle,ale,hale,halle
hâter,athée
hère,air,aire,erre,ers,haire,ère
hé,ais,eh,et,é
héraut,héro,héros
héro,héraut,héros
héros,héraut,héro
hêtre,aître,être
hôtel,autel
hôtesse,hautesse
i,hi,y
icelle,icelles
icelles,icelle
ide,ides
ides,ide
il,hile,ils,île
ils,hile,il,île
imbitable,imbittable
imbittable,imbitable
imbriquer,imbriqué
imbriqué,imbriquer
impair,imper
impatience,impatiens
impatiens,impatience
imper,impair
impresario,imprésario
imprésario,impresario
in-folio,in-folios
in-folios,in-folio
in-octavo,in-octavos
in-octavos,in-octavo
indou,hindou
intension,intention
intention,intension
interviewer,intervieweur
intervieweur,interviewer
iodler,yodler
irakien,iraquien
iraquien,irakien
ixième,xième
jacket,jaquette
jacot,jacquot
jacquemart,jaquemart
jacquet,jaquet
jacquot,jacot
jais,geai
jamaïcain,jamaïquain
jamaïquain,jamaïcain
jaquemart,jacquemart
jaquet,jacquet
jaquette,jacket
jar,jarre,jars
jarre,jar,jars
jars,jar,jarre
jas,jà
javel,javelle
javelle,javel
jean,djinn,gin
jellaba,djellaba
jenny,génie
jerrican,jerrycan
jerrycan,jerrican
joice,jouasse
jonchaie,jonchet
jonchet,jonchaie
jouasse,joice
joue,joug
joug,joue
joujou,joujoux
joujoux,joujou
jusqu,jusque,jusques
jusque,jusqu,jusques
jusques,jusqu,jusque
jà,jas
k,cas,ka
k-o,cahot,chao,chaos
ka,cas,k
kabbale,cabale
kabbalistique,cabalistique
kacher,cacher
kaddisch,kaddish
kaddish,kaddisch
kadi,caddie,caddy,cadi
kaftan,caftan
kan,canne,khan
kana,canna,khanat
kapo,capo,capoc,capot
kappa,cappa
karen,carène
kari,cari,carie,carry,cary
kart,carte,quarte
kasbah,casbah
kascher,cachère,cascher,casher,kasher
kasher,cachère,cascher,casher,kascher
kata,cata
kawa,caoua
kayac,kayak
kayak,kayac
kazakh,casaque
ket,quette,quête
khalife,calife
khan,canne,kan
khanat,canna,kana
khazar,quasar
khâgne,cagne
khâgneux,cagneux
khôl,kohl
kick,quick
kiki,quiqui
kilomètre,km
kiosk,kiosque
kiosque,kiosk
kipa,kippa
kippa,kipa
kirghiz,kirghize
kirghize,kirghiz
kit,quitte
kitch,kitsch
kitsch,kitch
klebs,clebs
kleptomane,cleptomane
kleptomanie,cleptomanie
km,kilomètre
kohl,khôl
kola,cola
kondo,condo
kot,cote,cotte
koto,coteau
kouglof,kugelhof
krach,crac,crack,craque,krak
krak,crac,crack,craque,krach
kugelhof,kouglof
l'une,lune
la,las,là
label,labelle
labelle,label
lac,lack,lacs,laque
lacer,lasser
lack,lac,lacs,laque
lacrima-christi,lacryma-christi
lacryma-christi,lacrima-christi
lacs,lac,lack,laque
lai,laid,laie,lait,lei,let,lez,lès
laid,lai,laie,lait,lei,let,lez,lès
laie,lai,laid,lait,lei,let,lez,lès
laissé-pour-compte,laissés-pour-compte
laissés-pour-compte,laissé-pour-compte
lait,lai,laid,laie,lei,let,lez,lès
laiton,letton
lamer,lamé
lamé,lamer
lance-flamme,lance-flammes
lance-flammes,lance-flamme
lance-fusée,lance-fusées
lance-fusées,lance-fusée
lance-grenade,lance-grenades
lance-grenades,lance-grenade
lance-pierre,lance-pierres
lance-pierres,lance-pierre
lance-roquette,lance-roquettes
lance-roquettes,lance-roquette
lance-torpille,lance-torpilles
lance-torpilles,lance-torpille
lancequiner,lansquiner
land,lande
lande,land
lansquiner,lancequiner
lao,là-haut
laper,lapper
lapper,laper
laque,lac,lack,lacs
lard,lare
lare,lard
larfeuil,larfeuille
larfeuille,larfeuil
las,la,là
lasser,lacer
laubé,lober
lav,lave
lave,lav
laîche,lèche
laïc,laïque
laïque,laïc
lei,lai,laid,laie,lait,let,lez,lès
lerch,lerche
lerche,lerch
les,lé
lesquelles,lesquels
lesquels,lesquelles
lest,leste
leste,lest
let,lai,laid,laie,lait,lei,lez,lès
letton,laiton
leur,leurre,leurs
leurre,leur,leurs
leurs,leur,leurre
lez,lai,laid,laie,lait,lei,let,lès
li,lie
lice,lisse,lys
lie,li
lieu,lieue
lieu-dit,lieudit,lieux-dits
lieudit,lieu-dit,lieux-dits
lieue,lieu
lieux-dits,lieu-dit,lieudit
lifter,lifté
lifté,lifter
lire,lyre
lisse,lice,lys
lisser,lycée
liter,litée
lithuanien,lituanien
lituanien,lithuanien
litée,liter
lob,lobe
lobbies,lobby
lobby,lobbies
lobe,lob
lober,laubé
loch,loque
loque,loch
los,lot
lot,los
louloute,louloutte
louloutte,louloute
loupiote,loupiotte
loupiotte,loupiote
lourd,lur
lune,l'une
lur,lourd
luth,lutte
lutte,luth
lux,luxe
luxe,lux
lycée,lisser
lyre,lire
lys,lice,lisse
là,la,las
là-haut,lao
lèche,laîche
lèche-botte,lèche-bottes
lèche-bottes,lèche-botte
lèche-vitrine,lèche-vitrines
lèche-vitrines,lèche-vitrine
lès,lai,laid,laie,lait,lei,let,lez
lé,les
lémur,lémure
lémure,lémur
ma,mas,mât
ma-jong,mah-jong
mac,mach,maque
macarel,macarelle
macarelle,macarel
mach,mac,maque
madame,mme
maffia,mafia
maffieux,mafieux
mafia,maffia
mafieux,maffieux
magister,magistère
magistère,magister
mah-jong,ma-jong
maharadja,maharadjah,maharaja,maharajah
maharadjah,maharadja,maharaja,maharajah
maharaja,maharadja,maharadjah,maharajah
maharajah,maharadja,maharadjah,maharaja
mahousse,maous,maousse
mai,maie,mais,mets
maie,mai,mais,mets
mailler,maillé
maillot,mayo
maillé,mailler
main,maint,maints
maint,main,maints
mainte,maintes
maintes,mainte
maints,main,maint
maire,mer,mère
mais,mai,maie,mets
maki,maquis
mal,malle,mâle
malle,mal,mâle
maléficier,maléficié
maléficié,maléficier
mam,mame
mam'selle,mam'zelle,mamzelle
mam'zelle,mam'selle,mamzelle
mame,mam
mamelouk,mameluk
mameluk,mamelouk
mamie,mammy,mamy
mammy,mamie,mamy
mamy,mamie,mammy
mamzelle,mam'selle,mam'zelle
man,mens
mander,mendé
maniaco-dépressif,maniacodépressif
maniacodépressif,maniaco-dépressif
manne,mânes
mansion,mention
mante,menthe
maous,mahousse,maousse
maousse,mahousse,maous
maque,mac,mach
maquis,maki
marae,marrer,marée
marc,marre
marchand,marchant
marchant,marchand
marennes,marraine
margaux,margot
margot,margaux
mari,marri,mary
marihuana,marijuana
marijuana,marihuana
mariol,mariole,mariolle
mariole,mariol,mariolle
mariolle,mariol,mariole
mark,marque
marker,marqueur
marocain,maroquin
maronner,marronner
maroquin,marocain
marque,mark
marqueur,marker
marraine,marennes
marre,marc
marrer,marae,marée
marri,mari,mary
marronner,maronner
mary,mari,marri
marée,marae,marrer
mas,ma,mât
mastar,mastard
mastard,mastar
mat,math,maths,matte
mater,matter,mâter
math,mat,maths,matte
maths,mat,math,matte
matin,mâtin
matte,mat,math,maths
matter,mater,mâter
mature,mâture
mauresque,moresque
maya,maïa
mayo,maillot
maître,mettre,mètre
maïa,maya
mea culpa,mea-culpa
mea-culpa,mea culpa
meccano,mécano
media,média
medium,médium
mendé,mander
mens,man
menthe,mante
mention,mansion
mer,maire,mère
merl,merle
merle,merl
merleau,merlot
merlot,merleau
mess,messe
messe,mess
mets,mai,maie,mais
mettre,maître,mètre
mezza voce,mezza-voce
mezza-voce,mezza voce
mi,mie
mi-blanc,mi-blancs
mi-blancs,mi-blanc
mi-gnon,mignon
mi-humain,mi-humains
mi-humains,mi-humain
mi-lent,milan
mi-mollet,mi-mollets
mi-mollets,mi-mollet
mi-nuit,minuit
mi-russe,mirus
mi-sel,missel
micro-onde,micro-ondes
micro-ondes,micro-onde
mie,mi
miel,mielle
mielle,miel
mien,miens
mienne,miennes
miennes,mienne
miens,mien
mignon,mi-gnon
mil,mille
milan,mi-lent
mille,mil
millenium,millénium
millilitre,ml
millimètre,mm
millénium,millenium
milord,mylord
min,mine
mine,min
mini-jupe,minijupe
minijupe,mini-jupe
mino,minot
minot,mino
minuit,mi-nuit
minute,mn
mir,mire,myrrhe
miraud,miro
mire,mir,myrrhe
mirmidon,myrmidon
miro,miraud
mirus,mi-russe
missel,mi-sel
mite,mythe
mixer,mixeur
mixeur,mixer
ml,millilitre
mm,millimètre
mme,madame
mn,minute
moco,moko
mod,mode
mode,mod
modern style,modern-style
modern-style,modern style
moi,mois
mois,moi
moko,moco
mol,mole
molasse,mollasse
mole,mol
moleskine,molesquine
molesquine,moleskine
mollasse,molasse
moman,moment
moment,moman
mon,mont
monnaie-du-pape,monnaies-du-pape
monnaies-du-pape,monnaie-du-pape
monsignor,monsignore
monsignore,monsignor
mont,mon
monte-charge,monte-charges
monte-charges,monte-charge
monte-plat,monte-plats
monte-plats,monte-plat
morbac,morbaque
morbaque,morbac
more,mors,mort
moresque,mauresque
mors,more,mort
mort,more,mors
moto-cross,motocross
motocross,moto-cross
mou,moue,moût
moudjahiddine,moudjahidine
moudjahidine,moudjahiddine
moue,mou,moût
moufette,mouffette
mouffette,moufette
moukère,mouquère
mouquère,moukère
moyeu,moyeux
moyeux,moyeu
moût,mou,moue
mufti,muphti
multi-tâches,multitâche
multifonction,multifonctions
multifonctions,multifonction
multiplex,multiplexe
multiplexe,multiplex
multitâche,multi-tâches
muphti,mufti
mur,mûr
mylord,milord
myrmidon,mirmidon
myrrhe,mir,mire
mythe,mite
mâle,mal,malle
mânes,manne
mât,ma,mas
mâter,mater,matter
mâtin,matin
mâture,mature
mère,maire,mer
mètre,maître,mettre
mécano,meccano
média,media
médium,medium
métempsychose,métempsycose
métempsycose,métempsychose
mézig,mézigue
mézigue,mézig
mêlé-cass,mêlécasse
mêlécasse,mêlé-cass
mûr,mur
nanar,nanard
nanard,nanar
nap,nappe
nappe,nap
narghileh,narghilé,narguilé
narghilé,narghileh,narguilé
narguilé,narghileh,narghilé
nase,naze
national-socialiste,nationale-socialiste
nationale-socialiste,national-socialiste
naze,nase
nec,neck
neck,nec
negro,négro
neveu,neveux
neveux,neveu
ney,nez
nez,ney
ni,nid
nid,ni
nimbo-stratus,nimbostratus
nimbostratus,nimbo-stratus
nirvana,nirvâna
nirvâna,nirvana
nom,non
non,nom
non-fumeur,non-fumeurs
non-fumeurs,non-fumeur
non-lieu,non-lieux
non-lieux,non-lieu
non-sens,nonsense
none,nonne
nonette,nonnette
nonne,none
nonnette,nonette
nonsense,non-sens
not,note
note,not
noue,nous
nous,noue
nous-même,nous-mêmes
nous-mêmes,nous-même
nuer,nuée
nurseries,nursery
nursery,nurseries
nuée,nuer
néandertalien,néanderthalien
néanderthalien,néandertalien
négro,negro
néo-classique,néoclassique
néo-colonialisme,néocolonialisme
néo-fascisme,néofascisme
néo-gothique,néogothique
néo-réalisme,néoréalisme
néoclassique,néo-classique
néocolonialisme,néo-colonialisme
néofascisme,néo-fascisme
néogothique,néo-gothique
néoréalisme,néo-réalisme
nôtre,nôtres
nôtres,nôtre
o,au,aulx,aux,eau,haut,ho,oh,ô
occident,oxydant
off-shore,offshore
offshore,off-shore
oh,au,aulx,aux,eau,haut,ho,o,ô
oie,ouah,oye,wouah
oille,ouaille
ola,aula,holà
olographe,holographe
ombre,hombre
on,hon
onder,ondée
ondée,onder
ope,hop
or,hors,ord,ore,ort
orang-outan,orang-outang
orang-outang,orang-outan
ord,hors,or,ore,ort
ore,hors,or,ord,ort
ort,hors,or,ord,ore
ou,hou,houe,houx,ouh,où
ouah,oie,oye,wouah
ouaille,oille
ouate,watt
oubli,oublie
oublie,oubli
ouh,hou,houe,houx,ou,où
oui,ouïe
ouighour,ouïgour
ouille,houille
oust,ouste
ouste,oust
outre-mer,outremer
outremer,outre-mer
ouvre-boîte,ouvre-boîtes
ouvre-boîtes,ouvre-boîte
ouzo,houseau
ouïe,oui
ouïgour,ouighour
oxydant,occident
oye,oie,ouah,wouah
où,hou,houe,houx,ou,ouh
pa,pas
pacage,package
pack,pâque,pâques
package,pacage
packson,pacson,paqson,paxon
pacson,packson,paqson,paxon
pagaille,pagaye,pagaïe
pagaye,pagaille,pagaïe
pagaïe,pagaille,pagaye
paie,paix,pet
paierie,pairie,péri
pailler,paillé
paillé,pailler
pain,pin
pair,pers,père
pairie,paierie,péri
paix,paie,pet
pal,pale,pâle
palais,palet
pale,pal,pâle
palet,palais
palier,pallier
pallier,palier
palmaire,palmer
palmer,palmaire
palot,pâlot
palu,palus
palus,palu
pan,paon
paner,panner
panic,panique
panique,panic
panneau,pano
panner,paner
pano,panneau
panser,penser
pante,pente
paon,pan
papa,papas
papas,papa
papauté,papoter
papi,papy
papoter,papauté
papy,papi
paqson,packson,pacson,paxon
paquet-cadeau,paquets-cadeaux
paquets-cadeaux,paquet-cadeau
par,parr,pars,part
par-ci,parsi
par-dessus,pardessus
parafer,parapher
parapher,parafer
parc,parque
parce qu,parce que
parce que,parce qu
pardessus,par-dessus
pare-balle,pare-balles
pare-balles,pare-balle
pare-feu,pare-feux
pare-feux,pare-feu
parlote,parlotte
parlotte,parlote
parque,parc
parr,par,pars,part
pars,par,parr,part
parsi,par-ci
part,par,parr,pars
parthénogenèse,parthénogénèse
parthénogénèse,parthénogenèse
parti,partie,party
partie,parti,party
partouse,partouze
partouser,partouzer
partouze,partouse
partouzer,partouser
party,parti,partie
pas,pa
passe-boule,passe-boules
passe-boules,passe-boule
pasteuriser,pasteurisé
pasteurisé,pasteuriser
pat,patte,pâte
pater,patère
patri,patrie
patrie,patri
patte,pat,pâte
patère,pater
pause,pose
pauser,poser
paxon,packson,pacson,paqson
paysager,paysagé
paysagé,paysager
pchitt,pschitt
peau,pot
peaucier,peaussier
peaussier,peaucier
pedzouille,pédezouille
peigner,peignée
peignée,peigner
peine,penne,pêne
pelleter,pelletée
pelletée,pelleter
penalties,penalty
penalty,penalties
penne,peine,pêne
penser,panser
pente,pante
penthotal,pentothal
pentothal,penthotal
perce,perse
perlouse,perlouze
perlouze,perlouse
perm,perme
perme,perm
perpette,perpète
perpète,perpette
pers,pair,père
perse,perce
pet,paie,paix
peu,peuh
peuh,peu
peuhl,peul,peulh
peul,peuhl,peulh
peulh,peuhl,peul
phallo,falot
phantasme,fantasme
pharamineux,faramineux
phare,far,fard,fare,fart
phi,fi,fy
philtre,filtre
phoenix,phénix
phone,faune
phoque,foc
photo-électrique,photoélectrique
photoélectrique,photo-électrique
phraser,fraser
phynances,finance
phénix,phoenix
pi,pie,pis
pic,pique
pic-vert,pivert
piccolo,picolo
picker,piqueur
pico,picot
picolo,piccolo
picot,pico
pie,pi,pis
piedmont,piémont
pier,pierre
pierre,pier
pietà,piéta
pieu,pieux
pieux,pieu
pifer,piffer
piffer,pifer
pimpon,pin-pon
pin,pain
pin-pon,pimpon
pineau,pinot
pinot,pineau
pinson,pinçon
pinçon,pinson
pipeau,pipo
piper,pipée
pipo,pipeau
pipée,piper
pique,pic
piqueur,picker
piquouse,piquouze
piquouze,piquouse
pis,pi,pie
pit-bull,pitbull
pitbull,pit-bull
piton,python
pivert,pic-vert
piètement,piétement
piémont,piedmont
piéta,pietà
piétement,piètement
placage,plaquage
plaie,play,plet
plain,plein
plan,plant
plant,plan
plaquage,placage
plastic,plastique
plasticage,plastiquage
plastiquage,plasticage
plastique,plastic
plateau-repas,plateaux-repas
plateaux-repas,plateau-repas
play,plaie,plet
plein,plain
plet,plaie,play
pli,plie
plie,pli
plouc,plouk
plouk,plouc
pogrom,pogrome
pogrome,pogrom
poids,pois,poix,pouah
poigner,poignée
poignée,poigner
poil,poêle
pointer,pointeur
pointeur,pointer
poireauter,poiroter
poirer,poiré
poiroter,poireauter
poiré,poirer
pois,poids,poix,pouah
poix,poids,pois,pouah
polack,polak,polaque
polak,polack,polaque
polaque,polack,polak
polaroid,polaroïd
polaroïd,polaroid
poli,poly
pollope,polope
polope,pollope
poly,poli
polycopier,polycopié
polycopié,polycopier
pont-levis,ponts-levis
ponts-levis,pont-levis
pool,poule
pop,pope
pope,pop
porc,pore,port
pore,porc,port
port,porc,pore
porte-avion,porte-avions
porte-avions,porte-avion
porte-carte,porte-cartes
porte-cartes,porte-carte
porte-cigarette,porte-cigarettes
porte-cigarettes,porte-cigarette
porte-clef,porte-clefs,porte-clé,porte-clés
porte-clefs,porte-clef,porte-clé,porte-clés
porte-clé,porte-clef,porte-clefs,porte-clés
porte-clés,porte-clef,porte-clefs,porte-clé
porte-couteau,porte-couteaux
porte-couteaux,porte-couteau
porte-document,porte-documents
porte-documents,porte-document
porte-drapeau,porte-drapeaux
porte-drapeaux,porte-drapeau
porte-parapluie,porte-parapluies
porte-parapluies,porte-parapluie
porte-serviette,porte-serviettes
porte-serviettes,porte-serviette
pose,pause
poser,pauser
post,poste
post-moderne,postmoderne
post-natal,postnatal
post-opératoire,postopératoire
post-production,postproduction
poste,post
postmoderne,post-moderne
postnatal,post-natal
postopératoire,post-opératoire
postproduction,post-production
pot,peau
pot-de-vin,pots-de-vin
poteau,potos
potos,poteau
pots-de-vin,pot-de-vin
pou,pouh,pouls
pouah,poids,pois,poix
pouce,pousse
poucette,poussette
pouding,pudding
pouffiasse,poufiasse
poufiasse,pouffiasse
pouh,pou,pouls
poule,pool
pouls,pou,pouh
pour-cent,pourcent
pourcent,pour-cent
pourparler,pourparlers
pourparlers,pourparler
pousse,pouce
poussette,poucette
poêle,poil
praesidium,présidium
presse-papier,presse-papiers
presse-papiers,presse-papier
probloc,probloque
probloque,probloc
pronostic,pronostique
pronostique,pronostic
prose,proze
proze,prose
prussik,prussique
prussique,prussik
près,prêt
pré-établi,préétabli
préfix,préfixe
préfixe,préfix
prémices,prémisse
prémisse,prémices
présidium,praesidium
préétabli,pré-établi
prêt,près
pschitt,pchitt
psi,psy
psy,psi
pudding,pouding
puits,puy
puy,puits
python,piton
pâle,pal,pale
pâlot,palot
pâque,pack,pâques
pâques,pack,pâque
pâte,pat,patte
pâté,pâtée
pâtée,pâté
père,pair,pers
pète-sec,pètesec
pètesec,pète-sec
pébroc,pébroque
pébroque,pébroc
pécan,pékan
pécher,pêcher
pédezouille,pedzouille
pékan,pécan
pékin,péquin
pépettes,pépètes
pépètes,pépettes
pépé,pépée
pépée,pépé
péquenaud,péquenot
péquenot,péquenaud
péquin,pékin
péri,paierie,pairie
périf,périph
périph,périf
pêcher,pécher
pêne,peine,penne
q,cul
quand,camp,quant
quant,camp,quand
quarre,car,care,carre,quart
quart,car,care,carre,quarre
quarte,carte,kart
quarter,quarté
quarté,quarter
quasar,khazar
quatre-vingt,quatre-vingts
quatre-vingts,quatre-vingt
quel,quelle,quelles,quels
quelle,quel,quelles,quels
quelles,quel,quelle,quels
quelque,quelques
quelques,quelque
quels,quel,quelle,quelles
quette,ket,quête
qui,chi
quick,kick
quiqui,kiki
quitte,kit
quoi,coi
quête,ket,quette
ra,ras,rat,raz
rab,rabe
rabe,rab
rac,rack
race,rasse
rack,rac
racket,raquette
rad,rade
rade,rad
radical-socialiste,radicale-socialiste
radicale-socialiste,radical-socialiste
radio-réveil,radioréveil
radioréveil,radio-réveil
radja,radjah
radjah,radja
rafiau,rafiot
rafiot,rafiau
rai,raie,rets
raid,raide
raide,raid
raie,rai,rets
rain,rein
rainette,reinette
raja,rajah
rajah,raja
raller,râler
ram,rame,rams
rambour,rembour
rame,ram,rams
ramer,ramée
rams,ram,rame
ramée,ramer
ran,rang
rancard,rancart,rencard
rancarder,rencarder
rancart,rancard,rencard
rang,ran
rap,râpe
rapper,râper
rapsodie,rhapsodie
raquette,racket
ras,ra,rat,raz
rasse,race
rat,ra,ras,raz
rate,ratte
ratte,rate
raz,ra,ras,rat
re-belote,rebelote
rebelote,re-belote
record,recors
recors,record
referendum,référendum
reflex,réflexe
rein,rain
reine,renne,rêne
reinette,rainette
relax,relaxe
relaxe,relax
rembour,rambour
remonte-pente,remonte-pentes
remonte-pentes,remonte-pente
rencard,rancard,rancart
rencarder,rancarder
renne,reine,rêne
repaire,repère
repère,repaire
ressurgir,resurgir
restau,resto
restauroute,restoroute
resto,restau
restoroute,restauroute
resurgir,ressurgir
rets,rai,raie
revérifier,revérifié
revérifié,revérifier
rez,ré
rhapsodie,rapsodie
rho,rhô,rot,rôt
rhum,rom
rhythm and blues,rhythm'n'blues
rhythm'n'blues,rhythm and blues
rhô,rho,rot,rôt
ri,riz
ribaud,ribot
ribot,ribaud
rif,riff
riff,rif
rigaudon,rigodon
rigodon,rigaudon
rigollot,rigolo
rigolo,rigollot
rikiki,riquiqui
ripeur,ripper
ripou,ripoux
ripoux,ripou
ripper,ripeur
riquiqui,rikiki
riz,ri
roc,rock,roque
rock,roc,roque
rocker,rockeur
rocket,roquette
rockeur,rocker
rodeo,rodéo
roder,rôder
rodéo,rodeo
roi,roy
roll,rolle
rolle,roll
rom,rhum
ron,rond
rond,ron
rondeau,rondo
rondo,rondeau
roof,rouf,rough
roque,roc,rock
roquette,rocket
rot,rho,rhô,rôt
roue,roux
rouf,roof,rough
rough,roof,rouf
roupette,roupettes
roupettes,roupette
rouston,roustons
roustons,rouston
roux,roue
roy,roi
royalties,royalty
royalty,royalties
ru,rue
rue,ru
ruffian,rufian
rufian,ruffian
râler,raller
râpe,rap
râper,rapper
ré,rez
réflexe,reflex
référendum,referendum
régal,régale
régale,régal
régul,régule
régule,régul
réparti,répartie
répartie,réparti
rêne,reine,renne
rôder,roder
rôt,rho,rhô,rot
sa,sas,ça,çà
sacquer,saké,saquer
sadducéen,saducéen
saducéen,sadducéen
saie,sais
saigneur,seigneur
sain,saint,sein,seing
saint,sain,sein,seing
sainte nitouche,sainte-nitouche
sainte-nitouche,sainte nitouche
sais,saie
saké,sacquer,saquer
salaud,salop
sale,salle
salle,sale
salop,salaud
salopiaud,salopiot
salopiot,salopiaud
samouraï,samurai
samurai,samouraï
sandre,cendre
sang,cent,cents,sans
sans,cent,cents,sang
sanscrit,sanskrit
sanskrit,sanscrit
santon,centon
saoul,sou,soue,soûl
saoulard,soûlard
saouler,soûler
saoulerie,soûlerie
saquer,sacquer,saké
sarrau,sarreau
sarreau,sarrau
sas,sa,ça,çà
satire,satyre
satirique,satyrique
satyre,satire
satyrique,satirique
saulnier,saunier
saunier,saulnier
saut,sceau,seau,sot
sayon,seillon
sceau,saut,seau,sot
sceller,celer,seller
sceptique,septique
schah,chah,chas,chat,shah
schako,shako
schampooing,shampoing,shampooing
scheik,cheik,cheikh,chèque
schilling,shilling
schlass,chlass
schleu,chleuh
schlinguer,chlinguer
schnock,chnoque,schnoque
schnoque,chnoque,schnock
schnouf,chnouf,schnouff
schnouff,chnouf,schnouf
schtroumf,schtroumpf
schtroumpf,schtroumf
sciant,cyan
scie,ci,cis,si,sis
scieur,sieur
sciène,sienne,siennes
sconse,skunks
script,scripte
scripte,script
scythe,site
scène,cène,seine,sen
seau,saut,sceau,sot
secco,sécot
seigneur,saigneur
seillon,sayon
sein,sain,saint,seing
seine,cène,scène,sen
seing,sain,saint,sein
sel,celle,celles,selle
select,sélect
self-control,self-contrôle
self-contrôle,self-control
self-made man,self-made-man
self-made-man,self-made man
selle,celle,celles,sel
seller,celer,sceller
sellerie,céleri
sellier,cellier
semi,semis
semis,semi
sen,cène,scène,seine
sensas,sensass
sensass,sensas
senseur,censeur
sensé,censé
sensément,censément
sept,cet,cette,set
septique,sceptique
serein,serin
serf,cerf,serre,sert
serin,serein
serre,cerf,serf,sert
sert,cerf,serf,serre
sertao,sertão
sertão,sertao
ses,ces
set,cet,cette,sept
seulement,esseulement
shah,chah,chas,chat,schah
shako,schako
shale,châle
shaman,chaman,chamane
shampoing,schampooing,shampooing
shampooiner,shampouiner
shampooing,schampooing,shampoing
shampouiner,shampooiner
shantung,chantoung
shilling,schilling
shilom,chilom
shimmy,chimie
shogoun,shogun,shôgun
shogun,shogoun,shôgun
show,chaud,chaut,chaux
shrapnel,shrapnell
shrapnell,shrapnel
shérif,chérif
shôgun,shogoun,shogun
si,ci,cis,scie,sis
sic,sikh
sicle,cycle
sien,siens
sienne,sciène,siennes
siennes,sciène,sienne
siens,sien
sieur,scieur
signe,cygne
sikh,sic
sil,cil
silice,cilice
silvaner,sylvaner
sinoque,cinoque
sir,cire,sire
sire,cire,sir
sirop,syro
sis,ci,cis,scie,si
sitar,cithare
site,scythe
skate-board,skateboard
skateboard,skate-board
skunks,sconse
smala,smalah
smalah,smala
snif,sniff
snifer,sniffer
sniff,snif
sniffer,snifer
soc,socque
socque,soc
soi,soie,soit
soie,soi,soit
soit,soi,soie
sol,sole
sole,sol
sot,saut,sceau,seau
sou,saoul,soue,soûl
soue,saoul,sou,soûl
soul,soule
soule,soul
soupier,sous-pied
sourdaient,sourdait
sourdait,sourdaient
sous-pied,soupier
soutra,sutra
soûl,saoul,sou,soue
soûlard,saoulard
soûlaud,soûlot
soûler,saouler
soûlerie,saoulerie
soûlot,soûlaud
spiraler,spiralé
spiralé,spiraler
spore,sport
sport,spore
sprinter,sprinteur
sprinteur,sprinter
squatter,squatteur
squatteur,squatter
statue,statut
statut,statue
strass,strasse
strasse,strass
strip-tease,striptease
striptease,strip-tease
stylo-bille,stylobille
stylobille,stylo-bille
sub-aquatique,subaquatique
sub-atomique,subatomique
subaquatique,sub-aquatique
subatomique,sub-atomique
sui,suie
suie,sui
sulfater,sulfaté
sulfaté,sulfater
sur,sûr
sur-place,surplace
suractiver,suractivé
suractivé,suractiver
surdévelopper,surdéveloppé
surdéveloppé,surdévelopper
suroxygéner,suroxygéné
suroxygéné,suroxygéner
surpeupler,surpeuplé
surpeuplé,surpeupler
surplace,sur-place
surprise-partie,surprise-party
surprise-party,surprise-partie
sutra,soutra
sylvaner,silvaner
syro,sirop
systématiser,systématisé
systématisé,systématiser
séant,céans
sécot,secco
séfarade,sépharade
sélect,select
sépharade,séfarade
sézigue,cézigue
sûr,sur
t-shirt,tee-shirt,ticheurte
ta,tas
tabler,tablée
tablée,tabler
tache,tâche
tacher,tâcher
taco,tacot
tacot,taco
taenia,ténia
taf,taffe
taffe,taf
tagger,taguer
taguer,tagger
taie,têt
taille,thaï
tain,thym,tin
taire,ter,terre
taler,taller
taller,taler
tam-tam,tamtam
tamtam,tam-tam
tan,tant,taon,temps
tan-sad,tansad
tanin,tannin
tannin,tanin
tansad,tan-sad
tant,tan,taon,temps
tante,tente
tantouse,tantouze
tantouze,tantouse
taon,tan,tant,temps
tape-cul,tapecul
tapecul,tape-cul
taraud,taro,tarot
tard,tare
tare,tard
taro,taraud,tarot
tarot,taraud,taro
tartuferie,tartufferie
tartufferie,tartuferie
tas,ta
tau,taux,to,tôt
taulard,tolar
taule,tôle
taulier,tôlier
taupé,toper
taux,tau,to,tôt
tchao,ciao
tchin tchin,tchin-tchin
tchin-tchin,tchin tchin
tec,teck,tek
teck,tec,tek
tee-shirt,t-shirt,ticheurte
teinter,tinter
tek,tec,teck
tel,tell,telle,telles,tels,tél
tell,tel,telle,telles,tels,tél
telle,tel,tell,telles,tels,tél
telles,tel,tell,telle,tels,tél
tels,tel,tell,telle,telles,tél
tem,thème
temps,tan,tant,taon
tender,tendeur
tendeur,tender
tente,tante
ter,taire,terre
tercio,tertio
terme,thermes
termite,thermite
terre,taire,ter
terri,terril
terril,terri
tertio,tercio
tes,thé,té
test,teste
teste,test
tette,tête
thaï,taille
thermes,terme
thermite,termite
thesaurus,thésaurus
thon,ton
thrace,trace
thrène,traîne
thune,tune
thym,tain,tin
thème,tem
thé,tes,té
thésaurus,thesaurus
tic,tique
ticheurte,t-shirt,tee-shirt
tin,tain,thym
tinter,teinter
tique,tic
tir,tire
tirant,tyran
tire,tir
to,tau,taux,tôt
toc,toque
tocade,toquade
tocante,toquante
tocard,toquard
toi,toit
toit,toi
tolar,taulard
tom,tome,tomme
tome,tom,tomme
tomme,tom,tome
ton,thon
toner,tonnerre
tonic,tonique
tonique,tonic
tonnerre,toner
top,tope
tope,top
toper,taupé
toquade,tocade
toquante,tocante
toquard,tocard
toque,toc
tore,tors,tort
tors,tore,tort
tort,tore,tors
toue,tout,toux
tous-terrains,tout-terrain
tout,toue,toux
tout-terrain,tous-terrains
toutim,toutime
toutime,toutim
toux,toue,tout
trac,traque
trace,thrace
train-train,traintrain
traintrain,train-train
tram,trame
trame,tram
tramp,trempe
trans,transe
transe,trans
traque,trac
traîne,thrène
traîne-savate,traîne-savates
traîne-savates,traîne-savate
traîne-semelle,traîne-semelles
traîne-semelles,traîne-semelle
trempe,tramp
tribu,tribut
tribut,tribu
tric,trick,trique
trick,tric,trique
trimbaler,trimballer
trimballer,trimbaler
trimeur,trimmer
trimmer,trimeur
trip,tripe
tripang,tripant
tripant,tripang
tripe,trip
trique,tric,trick
troll,trolle
trolle,troll
trop,trot
trot,trop
truc,truck
trucage,truquage
truck,truc
truquage,trucage
tsar,tzar
tsarévitch,tzarevitch
tsigane,tzigane
tune,thune
turbo,turbot
turbot,turbo
tyran,tirant
tzar,tsar
tzarevitch,tsarévitch
tzigane,tsigane
tâche,tache
tâcher,tacher
té,tes,thé
tél,tel,tell,telle,telles,tels
ténia,taenia
ténèbre,ténèbres
ténèbres,ténèbre
tézig,tézigue
tézigue,tézig
têt,taie
tête,tette
tôle,taule
tôlier,taulier
tôt,tau,taux,to
u,hue
uht,hutte,ut
ultra-gauche,ultragauche
ultra-rapide,ultrarapide
ultra-sensible,ultrasensible
ultra-violet,ultraviolet
ultragauche,ultra-gauche
ultrarapide,ultra-rapide
ultrasensible,ultra-sensible
ultraviolet,ultra-violet
ululement,hululement
ululer,hululer
un,hun,uns
une,hune,unes
unes,hune,une
uns,hun,un
usager,usagé
usagé,usager
ut,hutte,uht
vain,vin,vingt
vair,ver,verre,vers,vert
vallonner,vallonné
vallonné,vallonner
van,vanne
vanne,van
vantail,ventail
vanter,venter,venté
vape,vaps
vaps,vape
vau,veau,vos
vaudou,vodou
vautre,vôtre,vôtres
veau,vau,vos
veldt,velte
velte,veldt
velum,vélum
ventail,vantail
venter,vanter,venté
venté,vanter,venter
ver,vair,verre,vers,vert
verger,vergé
vergé,verger
vermout,vermouth
vermouth,vermout
verre,vair,ver,vers,vert
vers,vair,ver,verre,vert
verseau,verso
verso,verseau
vert,vair,ver,verre,vers
vibro-masseur,vibromasseur
vibromasseur,vibro-masseur
vide-ordure,vide-ordures
vide-ordures,vide-ordure
vide-poche,vide-poches
vide-poches,vide-poche
vidéo-clip,vidéoclip
vidéo-club,vidéoclub
vidéoclip,vidéo-clip
vidéoclub,vidéo-club
vil,ville
ville,vil
vin,vain,vingt
vingt,vain,vin
vioc,viocque,vioque
viocque,vioc,vioque
viol,viole,violent
viole,viol,violent
violent,viol,viole
vioque,vioc,viocque
vitaminer,vitaminé
vitaminé,vitaminer
vitrauphanie,vitrophanie
vitrophanie,vitrauphanie
vivat,vivats
vivats,vivat
vodou,vaudou
voie,voix
voir,voire
voire,voir
voix,voie
vol,vole
vole,vol
volet,volley
volley,volet
volt,volte
volte,volt
vos,vau,veau
vous-même,vous-mêmes
vous-mêmes,vous-même
vroom,vroum
vroum,vroom
vulcaniser,vulcanisé
vulcanisé,vulcaniser
vélum,velum
vôtre,vautre,vôtres
vôtres,vautre,vôtre
wagon-lit,wagon-lits
wagon-lits,wagon-lit
watt,ouate
whiskey,whiskies,whisky
whiskies,whiskey,whisky
whisky,whiskey,whiskies
wouah,oie,ouah,oye
xième,ixième
y,hi,i
yack,yak
yak,yack
yakusa,yakuza
yakuza,yakusa
yen,hyène
yeti,yéti
yo-yo,yoyo
yodler,iodler
yoghourt,yogourt
yogourt,yoghourt
yom kippour,yom kippur
yom kippur,yom kippour
you-you,youyou
youpi,yuppie
youyou,you-you
yoyo,yo-yo
yuppie,youpi
yé-yé,yéyé
yéti,yeti
yéyé,yé-yé
zelle,zèle
zest,zeste
zeste,zest
zieuter,zyeuter
zig,zigue
zigue,zig
zombi,zombie
zombie,zombi
zyeuter,zieuter
zzz,zzzz
zzzz,zzz
zèle,zelle
zéphire,zéphyr
zéphyr,zéphire
à,a,ah,ha
à fortiori,a fortiori
à giorno,a giorno
à glagla,aglagla
à l'instar,a l'instar
à-côté,accoter
à-plat,aplat
âcre,acre
âge,age
ça,sa,sas,çà
çà,sa,sas,ça
ère,air,aire,erre,ers,haire,hère
ès,esse
é,ais,eh,et,hé
ébouser,ébouzer
ébouzer,ébouser
ébrancher,ébranché
ébranché,ébrancher
écho,écot
éclair,éclaire
éclaire,éclair
écot,écho
égailler,égayer
égayer,égailler
électro-acoustique,électroacoustique
électro-aimant,électroaimant
électro-encéphalogramme,électroencéphalogramme
électroacoustique,électro-acoustique
électroaimant,électro-aimant
électroencéphalogramme,électro-encéphalogramme
épars,épart
épart,épars
épicer,épisser
épieu,épieux
épieux,épieu
épisser,épicer
équarisseur,équarrisseur
équarrisseur,équarisseur
étal,étale
étale,étal
éthique,étique
étique,éthique
étrier,étriller
étriller,étrier
étuver,étuvée
étuvée,étuver
évènement,événement
événement,évènement
être,aître,hêtre
île,hile,il,ils
ô,au,aulx,aux,eau,haut,ho,o,oh
ôter,hottée
